{"0": {"my-scheduler-8478cc697-2mnwx": {"setup time": 198.250742308, "avg time per iter": 1648.7692307692307, "total time": 21434, "total iter": 12, "msg rcv total": 7315, "msg sent total": 8645}, "my-scheduler-8478cc697-2w4xb": {"setup time": 199.967758211, "avg time per iter": 1447.6153846153845, "total time": 18819, "total iter": 12, "msg rcv total": 5985, "msg sent total": 7315}, "my-scheduler-8478cc697-45r5p": {"setup time": 198.102749384, "avg time per iter": 1389, "total time": 18057, "total iter": 12, "msg rcv total": 9975, "msg sent total": 11970}, "my-scheduler-8478cc697-45xjs": {"setup time": 200.634459441, "avg time per iter": 2408.5384615384614, "total time": 31311, "total iter": 12, "msg rcv total": 7980, "msg sent total": 5985}, "my-scheduler-8478cc697-47v52": {"setup time": 200.816471455, "avg time per iter": 1653.1538461538462, "total time": 21491, "total iter": 12, "msg rcv total": 13965, "msg sent total": 11970}, "my-scheduler-8478cc697-4d4fg": {"setup time": 200.08880904, "avg time per iter": 2399.3076923076924, "total time": 31191, "total iter": 12, "msg rcv total": 9975, "msg sent total": 11305}, "my-scheduler-8478cc697-4h567": {"setup time": 200.786027382, "avg time per iter": 2397.769230769231, "total time": 31171, "total iter": 12, "msg rcv total": 11305, "msg sent total": 7980}, "my-scheduler-8478cc697-4nghv": {"setup time": 200.53750972, "avg time per iter": 1491.8461538461538, "total time": 19394, "total iter": 12, "msg rcv total": 9310, "msg sent total": 9975}, "my-scheduler-8478cc697-58zmn": {"setup time": 199.142515284, "avg time per iter": 1284.6923076923076, "total time": 16701, "total iter": 12, "msg rcv total": 7980, "msg sent total": 13965}, "my-scheduler-8478cc697-5frqg": {"setup time": 199.825968764, "avg time per iter": 2199.076923076923, "total time": 28588, "total iter": 12, "msg rcv total": 4655, "msg sent total": 12635}, "my-scheduler-8478cc697-5jdhj": {"setup time": 197.026478561, "avg time per iter": 1342.3846153846155, "total time": 17451, "total iter": 12, "msg rcv total": 7980, "msg sent total": 7954}, "my-scheduler-8478cc697-5wv8c": {"setup time": 200.51576974, "avg time per iter": 2134.076923076923, "total time": 27743, "total iter": 12, "msg rcv total": 8645, "msg sent total": 11305}, "my-scheduler-8478cc697-5zbvj": {"setup time": 197.8647491, "avg time per iter": 1614.6153846153845, "total time": 20990, "total iter": 12, "msg rcv total": 13965, "msg sent total": 10640}, "my-scheduler-8478cc697-5zjm9": {"setup time": 200.763425622, "avg time per iter": 3877.6923076923076, "total time": 50410, "total iter": 12, "msg rcv total": 10640, "msg sent total": 9975}, "my-scheduler-8478cc697-68bxg": {"setup time": 200.579358274, "avg time per iter": 1450.5384615384614, "total time": 18857, "total iter": 12, "msg rcv total": 13965, "msg sent total": 7980}, "my-scheduler-8478cc697-6gggd": {"setup time": 199.234404513, "avg time per iter": 3334.6153846153848, "total time": 43350, "total iter": 12, "msg rcv total": 10640, "msg sent total": 8645}, "my-scheduler-8478cc697-6gnpc": {"setup time": 199.198096783, "avg time per iter": 1475.3846153846155, "total time": 19180, "total iter": 12, "msg rcv total": 11305, "msg sent total": 10640}, "my-scheduler-8478cc697-6jhsz": {"setup time": 199.165445172, "avg time per iter": 1482.923076923077, "total time": 19278, "total iter": 12, "msg rcv total": 11970, "msg sent total": 8645}, "my-scheduler-8478cc697-6qgm2": {"setup time": 200.645746003, "avg time per iter": 1561.4615384615386, "total time": 20299, "total iter": 12, "msg rcv total": 10640, "msg sent total": 11970}, "my-scheduler-8478cc697-75m6b": {"setup time": 198.362507069, "avg time per iter": 1610.3076923076924, "total time": 20934, "total iter": 12, "msg rcv total": 10640, "msg sent total": 12635}, "my-scheduler-8478cc697-7j454": {"setup time": 197.32518309, "avg time per iter": 1349, "total time": 17537, "total iter": 12, "msg rcv total": 12635, "msg sent total": 10640}, "my-scheduler-8478cc697-7mh96": {"setup time": 199.586032454, "avg time per iter": 1684.6923076923076, "total time": 21901, "total iter": 12, "msg rcv total": 11305, "msg sent total": 11305}, "my-scheduler-8478cc697-7pbfc": {"setup time": 197.44542528, "avg time per iter": 1542.3846153846155, "total time": 20051, "total iter": 12, "msg rcv total": 11970, "msg sent total": 6624}, "my-scheduler-8478cc697-7tk57": {"setup time": 198.771885813, "avg time per iter": 1679.2307692307693, "total time": 21830, "total iter": 12, "msg rcv total": 7980, "msg sent total": 9975}, "my-scheduler-8478cc697-7wzzr": {"setup time": 199.377038124, "avg time per iter": 1615.2307692307693, "total time": 20998, "total iter": 12, "msg rcv total": 11305, "msg sent total": 10640}, "my-scheduler-8478cc697-85fb5": {"setup time": 197.571399625, "avg time per iter": 1524.6153846153845, "total time": 19820, "total iter": 12, "msg rcv total": 8645, "msg sent total": 9975}, "my-scheduler-8478cc697-86mp4": {"setup time": 197.517999104, "avg time per iter": 1513.8461538461538, "total time": 19680, "total iter": 12, "msg rcv total": 6650, "msg sent total": 5985}, "my-scheduler-8478cc697-886dp": {"setup time": 197.858957516, "avg time per iter": 1239.4615384615386, "total time": 16113, "total iter": 12, "msg rcv total": 11305, "msg sent total": 9310}, "my-scheduler-8478cc697-8h5xg": {"setup time": 200.610336229, "avg time per iter": 3377.076923076923, "total time": 43902, "total iter": 12, "msg rcv total": 8645, "msg sent total": 13300}, "my-scheduler-8478cc697-8nkmh": {"setup time": 200.543286386, "avg time per iter": 1595.923076923077, "total time": 20747, "total iter": 12, "msg rcv total": 10640, "msg sent total": 8645}, "my-scheduler-8478cc697-99b7f": {"setup time": 200.470686878, "avg time per iter": 1620.1538461538462, "total time": 21062, "total iter": 12, "msg rcv total": 8645, "msg sent total": 14630}, "my-scheduler-8478cc697-9bvm5": {"setup time": 198.646837013, "avg time per iter": 1709.2307692307693, "total time": 22220, "total iter": 12, "msg rcv total": 9310, "msg sent total": 8645}, "my-scheduler-8478cc697-9cnpl": {"setup time": 198.160146618, "avg time per iter": 3499.846153846154, "total time": 45498, "total iter": 12, "msg rcv total": 10640, "msg sent total": 9310}, "my-scheduler-8478cc697-9gmch": {"setup time": 197.686745553, "avg time per iter": 1446.5384615384614, "total time": 18805, "total iter": 12, "msg rcv total": 13300, "msg sent total": 7315}, "my-scheduler-8478cc697-9tssj": {"setup time": 199.834339552, "avg time per iter": 1484.076923076923, "total time": 19293, "total iter": 12, "msg rcv total": 12635, "msg sent total": 7980}, "my-scheduler-8478cc697-bbb6p": {"setup time": 199.905341886, "avg time per iter": 1389.6153846153845, "total time": 18065, "total iter": 12, "msg rcv total": 5985, "msg sent total": 10640}, "my-scheduler-8478cc697-bjpgz": {"setup time": 199.04274952, "avg time per iter": 1605.4615384615386, "total time": 20871, "total iter": 12, "msg rcv total": 7315, "msg sent total": 9975}, "my-scheduler-8478cc697-bjtqn": {"setup time": 198.958592568, "avg time per iter": 2156.923076923077, "total time": 28040, "total iter": 12, "msg rcv total": 9310, "msg sent total": 11305}, "my-scheduler-8478cc697-bxrsn": {"setup time": 198.411754807, "avg time per iter": 1288.3076923076924, "total time": 16748, "total iter": 12, "msg rcv total": 11970, "msg sent total": 10640}, "my-scheduler-8478cc697-cf99g": {"setup time": 199.891443629, "avg time per iter": 1471.1538461538462, "total time": 19125, "total iter": 12, "msg rcv total": 9975, "msg sent total": 11970}, "my-scheduler-8478cc697-cxjst": {"setup time": 200.781901736, "avg time per iter": 2420.4615384615386, "total time": 31466, "total iter": 12, "msg rcv total": 9975, "msg sent total": 12635}, "my-scheduler-8478cc697-dwgg9": {"setup time": 198.246076296, "avg time per iter": 1624.6923076923076, "total time": 21121, "total iter": 12, "msg rcv total": 9975, "msg sent total": 10614},